mean_fit_time,std_fit_time,mean_score_time,std_score_time,param_model__max_depth,param_model__min_samples_leaf,params,split0_test_accuracy,split1_test_accuracy,split2_test_accuracy,split3_test_accuracy,split4_test_accuracy,mean_test_accuracy,std_test_accuracy,rank_test_accuracy,split0_test_precision,split1_test_precision,split2_test_precision,split3_test_precision,split4_test_precision,mean_test_precision,std_test_precision,rank_test_precision,split0_test_recall,split1_test_recall,split2_test_recall,split3_test_recall,split4_test_recall,mean_test_recall,std_test_recall,rank_test_recall,split0_test_f1,split1_test_f1,split2_test_f1,split3_test_f1,split4_test_f1,mean_test_f1,std_test_f1,rank_test_f1
0.33950390815734866,0.014164324294699548,0.039221000671386716,0.0022473387239583453,5,1,"{'model__max_depth': 5, 'model__min_samples_leaf': 1}",0.8461538461538461,0.8181818181818182,0.8380281690140845,0.795774647887324,0.8028169014084507,0.8201910765291048,0.019464266452931537,2,0.8367346938775511,0.8222222222222222,0.8809523809523809,0.7659574468085106,0.8095238095238095,0.8230781106768947,0.03737152737097258,3,0.7454545454545455,0.6727272727272727,0.6727272727272727,0.6666666666666666,0.6296296296296297,0.6774410774410774,0.03760929196446365,4,0.7884615384615384,0.74,0.7628865979381443,0.7128712871287128,0.7083333333333334,0.7425105513723458,0.03026399700669434,3
0.3728342056274414,0.029021564565250506,0.04317564964294433,0.0039592383102406885,5,2,"{'model__max_depth': 5, 'model__min_samples_leaf': 2}",0.8531468531468531,0.8111888111888111,0.8450704225352113,0.795774647887324,0.8028169014084507,0.8215995272333301,0.02312665619253553,1,0.84,0.8043478260869565,0.9024390243902439,0.7777777777777778,0.825,0.8299129256509955,0.04185109046414745,2,0.7636363636363637,0.6727272727272727,0.6727272727272727,0.6481481481481481,0.6111111111111112,0.6736700336700336,0.050320380674884514,5,0.8,0.7326732673267327,0.7708333333333334,0.7070707070707071,0.7021276595744681,0.7425409934610483,0.03765831838889008,2
0.38520116806030275,0.02865543954038467,0.04417061805725098,0.0030321554106601143,5,4,"{'model__max_depth': 5, 'model__min_samples_leaf': 4}",0.8461538461538461,0.8041958041958042,0.852112676056338,0.795774647887324,0.795774647887324,0.8188023244361272,0.025026320038473493,3,0.851063829787234,0.8,0.925,0.7777777777777778,0.8048780487804879,0.8317439312690998,0.05236745434112977,1,0.7272727272727273,0.6545454545454545,0.6727272727272727,0.6481481481481481,0.6111111111111112,0.6627609427609428,0.03797323056144468,8,0.7843137254901961,0.72,0.7789473684210526,0.7070707070707071,0.6947368421052632,0.7370137286174439,0.037333916176370635,5
0.35962734222412107,0.01481629063936249,0.044723892211914064,0.008633077401339357,8,1,"{'model__max_depth': 8, 'model__min_samples_leaf': 1}",0.8251748251748252,0.7622377622377622,0.8380281690140845,0.7676056338028169,0.8098591549295775,0.8005811090318133,0.030498555771271883,8,0.7884615384615384,0.7333333333333333,0.8809523809523809,0.6981132075471698,0.8292682926829268,0.7860257505954699,0.06540951264422924,8,0.7454545454545455,0.6,0.6727272727272727,0.6851851851851852,0.6296296296296297,0.6665993265993266,0.04980634538156761,6,0.7663551401869159,0.66,0.7628865979381443,0.6915887850467289,0.7157894736842105,0.7193239993712,0.04101390029534596,9
0.37567663192749023,0.00892925182876453,0.045016908645629884,0.008613263368883664,8,2,"{'model__max_depth': 8, 'model__min_samples_leaf': 2}",0.8391608391608392,0.7762237762237763,0.8591549295774648,0.8028169014084507,0.8028169014084507,0.8160346695557964,0.029422788999090316,5,0.8333333333333334,0.7446808510638298,0.926829268292683,0.76,0.8095238095238095,0.8148734524427311,0.06456250871179889,5,0.7272727272727273,0.6363636363636364,0.6909090909090909,0.7037037037037037,0.6296296296296297,0.6775757575757576,0.038281865846724876,3,0.7766990291262136,0.6862745098039216,0.7916666666666666,0.7307692307692307,0.7083333333333334,0.7387485539398732,0.0399570914162242,4
0.366079044342041,0.010857232095499433,0.039118623733520506,0.0014513637630546117,8,4,"{'model__max_depth': 8, 'model__min_samples_leaf': 4}",0.8461538461538461,0.7762237762237763,0.852112676056338,0.7816901408450704,0.795774647887324,0.8103910174332711,0.032324775834828436,7,0.851063829787234,0.7674418604651163,0.925,0.7346938775510204,0.8048780487804879,0.8166155233167716,0.06663460673897248,4,0.7272727272727273,0.6,0.6727272727272727,0.6666666666666666,0.6111111111111112,0.6555555555555556,0.04609426379696486,9,0.7843137254901961,0.673469387755102,0.7789473684210526,0.6990291262135923,0.6947368421052632,0.7260992899970413,0.04619121866311922,8
0.3849597930908203,0.015555636940034354,0.041510152816772464,0.0008104369763107658,,1,"{'model__max_depth': None, 'model__min_samples_leaf': 1}",0.7972027972027972,0.7972027972027972,0.8098591549295775,0.7816901408450704,0.8098591549295775,0.799162809021964,0.010409621101971177,9,0.7321428571428571,0.75,0.78,0.7017543859649122,0.7872340425531915,0.7502262571321922,0.03140902668993933,9,0.7454545454545455,0.7090909090909091,0.7090909090909091,0.7407407407407407,0.6851851851851852,0.717912457912458,0.022389331881283597,1,0.7387387387387387,0.7289719626168224,0.7428571428571429,0.7207207207207207,0.7326732673267327,0.7327923664520315,0.007707053499035914,6
0.387131929397583,0.02475920331203966,0.04447793960571289,0.005057270569637661,,2,"{'model__max_depth': None, 'model__min_samples_leaf': 2}",0.8391608391608392,0.7692307692307693,0.852112676056338,0.795774647887324,0.823943661971831,0.8160445188614203,0.030000225043453118,4,0.8333333333333334,0.72,0.8863636363636364,0.7272727272727273,0.8222222222222222,0.7978383838383838,0.0643886779391403,7,0.7272727272727273,0.6545454545454545,0.7090909090909091,0.7407407407407407,0.6851851851851852,0.7033670033670033,0.030708842762974704,2,0.7766990291262136,0.6857142857142857,0.7878787878787878,0.7339449541284404,0.7474747474747475,0.746342360864495,0.035993175927387634,1
0.3807706356048584,0.010183850143101976,0.04132499694824219,0.0010873803756166643,,4,"{'model__max_depth': None, 'model__min_samples_leaf': 4}",0.8321678321678322,0.7832167832167832,0.852112676056338,0.795774647887324,0.795774647887324,0.8118093174431202,0.025963759767465726,6,0.8297872340425532,0.7608695652173914,0.9047619047619048,0.7659574468085106,0.8048780487804879,0.8132508399221695,0.05234174991726895,6,0.7090909090909091,0.6363636363636364,0.6909090909090909,0.6666666666666666,0.6111111111111112,0.6628282828282828,0.03554866783607939,7,0.7647058823529411,0.693069306930693,0.7835051546391752,0.7128712871287128,0.6947368421052632,0.7297776946313571,0.03733044854911097,7
